{
  "commands": [
    {
      "tactic_id": "T1033",
      "technique": "System Owner/User Discovery",
      "command": "who"
    },
    {
      "tactic_id": "T1033",
      "technique": "System Owner/User Discovery",
      "command": "w"
    },
    {
      "tactic_id": "T1033",
      "technique": "System Owner/User Discovery",
      "command": "users"
    },
    {
      "tactic_id": "T1033",
      "technique": "System Owner/User Discovery",
      "command": "whoami"
    },
    {
      "tactic_id": "T1087.001-1",
      "technique": "Account Discovery: Local Account - Enumerate all accounts (Local)",
      "command": "cat /etc/passwd"
    },
    {
      "tactic_id": "T1087.001-2",
      "technique": "Account Discovery: Local Account - Enumerate all accounts (Local)",
      "command": "cat /etc/shadow"
    },
    {
      "tactic_id": "T1087.001-3",
      "technique": "Account Discovery: Local Account - Enumerate all accounts (Local)",
      "command": "head /etc/shadow"
    },
    {
      "tactic_id": "T1087.001-4",
      "technique": "Account Discovery: Local Account - Enumerate all accounts (Local)",
      "command": "less /etc/shadow"
    },
    {
      "tactic_id": "T1087.001",
      "technique": "Account Discovery: Local Account - View sudoers access",
      "command": "cat /etc/sudoers"
    },
    {
      "tactic_id": "T1087.001",
      "technique": "Account Discovery: Local Account - View sudoers access",
      "command": "cat /usr/local/etc/sudoers"
    },
    {
      "tactic_id": "T1087.001",
      "technique": "Account Discovery: Local Account - View accounts with UID 0",
      "command": "grep 'x:0:' /etc/passwd"
    },
    {
      "tactic_id": "T1087.001",
      "technique": "Account Discovery: Local Account - View accounts with UID 0",
      "command": "grep '*:0:' /etc/passwd"
    },
    {
      "tactic_id": "T1087.001",
      "technique": "Account Discovery: Local Account - Enumerate users and groups",
      "command": "uname"
    },
    {
      "tactic_id": "T1087.001",
      "technique": "Account Discovery: Local Account - Enumerate users and groups",
      "command": "groups"
    },
    {
      "tactic_id": "T1497.001",
      "technique": "Virtualization/Sandbox Evasion: System Checks",
      "command": "systemd-detect-virt ; systemd-detect-virt --container"
    },
    {
      "tactic_id": "T1007",
      "technique": "System Service Discovery",
      "command": "systemctl --type=service"
    },
    {
      "tactic_id": "T1135",
      "technique": "Network Share Discovery",
      "command": "smbstatus --shares"
    },
    {
      "tactic_id": "T1082-1",
      "technique": "System Information Discovery - List OS Information",
      "command": "cat /etc/lsb-release"
    },
    {
      "tactic_id": "T1082-2",
      "technique": "System Information Discovery - List OS Information",
      "command": "cat /etc/redhat-release"
    },
    {
      "tactic_id": "T1082-3",
      "technique": "System Information Discovery - List OS Information",
      "command": "cat /etc/issue"
    },
    {
      "tactic_id": "T1082-4",
      "technique": "System Information Discovery - List OS Information",
      "command": "cat /etc/os-release"
    },
    {
      "tactic_id": "T1082-5",
      "technique": "System Information Discovery - Linux VM Check via Hardware",
      "command": "cat /sys/class/dmi/id/bios_version"
    },
    {
      "tactic_id": "T1082-6",
      "technique": "System Information Discovery - Linux VM Check via Hardware",
      "command": "cat /sys/class/dmi/id/product_name"
    },
    {
      "tactic_id": "T1082-7",
      "technique": "System Information Discovery - Linux VM Check via Hardware",
      "command": "cat /sys/class/dmi/id/chassis_vendor"
    },
    {
      "tactic_id": "T1082-8",
      "technique": "System Information Discovery - Linux VM Check via Hardware",
      "command": "sudo dmidecode | grep -i \"microsoft\\|vmware\\|virtualbox\\|qemu\\|xen\\|domu\""
    },
    {
      "tactic_id": "T1082-9",
      "technique": "System Information Discovery - Linux VM Check via Hardware",
      "command": "cat /proc/scsi/scsi"
    },
    {
      "tactic_id": "T1082-10",
      "technique": "System Information Discovery - Linux VM Check via Hardware",
      "command": "sudo lspci | grep -i \"vmware\\|virtualbox\\|xen\\|qemu\""
    },
    {
      "tactic_id": "T1082-11",
      "technique": "System Information Discovery - Linux VM Check via Hardware",
      "command": "lscpu | grep -i \"hypervisor\\|xen\\|kvm\\|microsoft\""
    },
    {
      "tactic_id": "T1082-12",
      "technique": "System Information Discovery - Kernel Modules",
      "command": "sudo lsmod | grep -Ei \"vbox|vmw|xen|virtio|hv_\""
    },
    {
      "tactic_id": "T1082-13",
      "technique": "System Information Discovery - Hostname Discovery",
      "command": "hostname"
    },
    {
      "tactic_id": "T1082-14",
      "technique": "System Information Discovery - Environment Variables",
      "command": "env"
    },
    {
      "tactic": "Discovery",
      "tactic_id": "T1217-1",
      "technique": "Browser Bookmark Discovery - List Mozilla Firefox Bookmark Database Files",
      "command": "find / -path *.mozilla/firefox/*/places.sqlite -exec echo {} \\;"
    },
    {
      "tactic": "Discovery",
      "tactic_id": "T1217-2",
      "technique": "Browser Bookmark Discovery - List Google Chrome Bookmark",
      "command": "find / -path */Google/Chrome/*/Bookmarks -exec echo {} \\;"
    },
    {
      "tactic": "Discovery",
      "tactic_id": "T1016-1",
      "technique": "System Network Configuration Discovery",
      "command": "ss -tpan"
    },
    {
      "tactic": "Discovery",
      "tactic_id": "T1016-2",
      "technique": "System Network Configuration Discovery",
      "command": "netstat -ant"
    },
    {
      "tactic": "Discovery",
      "tactic_id": "T1016-3",
      "technique": "System Network Configuration Discovery",
      "command": "arp -a"
    },
    {
      "tactic": "Discovery",
      "tactic_id": "T1016-4",
      "technique": "System Network Configuration Discovery",
      "command": "ifconfig"
    },
    {
      "tactic": "Discovery",
      "tactic_id": "T1016-5",
      "technique": "System Network Configuration Discovery",
      "command": "ip addr"
    },
    {
      "tactic": "Discovery",
      "tactic_id": "T1083-1",
      "technique": "File and Directory Discovery: Directory Discovery",
      "command": "ls -a"
    },
    {
      "tactic": "Discovery",
      "tactic_id": "T1083-2",
      "technique": "File and Directory Discovery: Nix File",
      "command": "ls -la /Library/Preferences/"
    },
    {
      "tactic": "Discovery",
      "tactic_id": "T1049-1",
      "technique": "System Network Connections Discovery",
      "command": "netstat"
    },
    {
      "tactic": "Discovery",
      "tactic_id": "T1049-2",
      "technique": "System Network Connections Discovery",
      "command": "who -a"
    },
    {
      "tactic": "Discovery",
      "tactic_id": "T1057",
      "technique": "Process Discovery",
      "command": "ps"
    },
    {
      "tactic": "Discovery",
      "tactic_id": "T1069.001-1",
      "technique": "Permission Groups Discovery: Local Groups",
      "command": "dscacheutil -q group"
    },
    {
      "tactic": "Discovery",
      "tactic_id": "T1069.001-2",
      "technique": "Permission Groups Discovery: Local Groups",
      "command": "dscl . -list /Groups"
    },
    {
      "tactic": "Discovery",
      "tactic_id": "T1069.001-3",
      "technique": "Permission Groups Discovery: Local Groups",
      "command": "groups"
    },
    {
      "tactic": "Discovery",
      "tactic_id": "T1069.001-4",
      "technique": "Permission Groups Discovery: Local Groups",
      "command": "id"
    },
    {
      "tactic": "Discovery",
      "tactic_id": "T1069.001-5",
      "technique": "Permission Groups Discovery: Local Groups",
      "command": "getent group"
    },
    {
      "tactic": "Discovery",
      "tactic_id": "T1069.001-6",
      "technique": "Permission Groups Discovery: Local Groups",
      "command": "cat /etc/group"
    },
    {
      "tactic": "Discovery",
      "tactic_id": "T1201",
      "technique": "Password Policy Discovery",
      "command": "cat /etc/pam.d/common-password"
    },
    {
      "tactic": "Discovery",
      "tactic_id": "T1614.001-1",
      "technique": "System Location Discovery: System Language Discovery",
      "command": "locale"
    },
    {
      "tactic": "Discovery",
      "tactic_id": "T1614.001-2",
      "technique": "System Location Discovery: System Language Discovery",
      "command": "cat /etc/default/locale"
    },
    {
      "tactic": "Discovery",
      "tactic_id": "T1614.001-3",
      "technique": "System Location Discovery: System Language Discovery",
      "command": "localectl status"
    },
    {
      "tactic": "Discovery",
      "tactic_id": "T1518.001",
      "technique": "Software Discovery: Security Software Discovery",
      "command": "ps aux"
    },
    {
      "tactic": "Discovery",
      "tactic_id": "T1018-1",
      "technique": "Remote System Discovery",
      "command": "arp -a"
    },
    {
      "tactic": "Discovery",
      "tactic_id": "T1018-2",
      "technique": "Remote System Discovery",
      "command": "ip route get 1"
    }
  ]
}

