{
  "commands": [
    {
      "tactic_id": "T1048.003 -3",
      "technique": "Exfiltration Over Alternative Protocol: Exfiltration to Cloud Storage (GoFile)",
      "command": "bash Dependencies/GoFile.sh"
    },
        {
      "tactic_id": "T1048.003-2",
      "technique": "Exfiltration Over Alternative Protocol: Exfiltration to Cloud Storage (MegaCMD)",
      "command": "pwd; bash $(pwd)/Dependencies/MegaCMD.sh"
    },
    {
      "tactic_id": "T1048.003-1",
      "technique": "Exfiltration Over Alternative Protocol using Python Http Server",
      "command": "echo [+] Starting Python http server at port 9090....\npython3 -m http.server 9090 & PID=$!\necho [+] Process id : $PID\nsleep 10\nkill $PID\necho [+] Process Killed...."
    }
  ]
}
