{
  "commands": [
    {
      "tactic_id": "T1548.001-1",
      "technique": "Make and modify binary from C source",
      "command": "cp Dependencies/Binary.c /tmp/CBinary.c; chown root /tmp/CBinary.c;gcc /tmp/CBinary.c -o /tmp/hello;chown root /tmp/hello; chmod u+s /tmp/hello; /tmp/hello"
    },
    {
      "tactic_id": "T1548.001-2",
      "technique": "Set a SetUID flag on file",
      "command": "touch /tmp/SetUIDFile; chown root /tmp/SetUIDFile; chmod u+xs /tmp/SetUIDFile"
    },
    {
      "tactic_id": "T1548.001-3",
      "technique": "Set a SetGID flag on file",
      "command": "touch /tmp/SetGIDFile; chown root /tmp/SetGIDFile; chmod g+xs /tmp/SetGIDFile"
    },
    {
      "tactic_id": "T1548.001-4",
      "technique": "Make and modify binary from C source",
      "command": "cp Dependencies/SetUID.c /tmp/SetUID.c; gcc /tmp/SetUID.c -o /tmp/SetUID; sudo setcap cap_setuid=ep /tmp/SetUID; /tmp/SetUID"
    },
    {
      "tactic_id": "T1548.001-5",
      "technique": "Provide the SetUID capability to a file",
      "command": "touch /tmp/FileUID; sudo setcap cap_setuid=ep /tmp/FileUID"
    },
    {
      "tactic_id": "T1548.001-6",
      "technique": "Do reconnaissance for files that have the setuid bit set",
      "command": "find /usr/bin -perm -4000"
    },
    {
      "tactic_id": "T1548.001-7",
      "technique": "Do reconnaissance for files that have the setgid bit set",
      "command": "find /usr/bin -perm -2000"
    },
    {
      "tactic_id": "T1574.006-1",
      "technique": "Shared Library Injection via /etc/ld.so.preload",
      "command": "echo /tmp/LdPreload.so > /etc/ld.so.preload; gcc -shared -fPIC -o /tmp/LdPreload.so Dependencies/LdPreload.c; sleep 2; rm -f /tmp/LdPreload.so; rm -f /etc/ld.so.preload"
    },
    {
      "tactic_id": "T1574.006-2",
      "technique": "Shared Library Injection via /etc/ld.so.preload",
      "command": "gcc -shared -fPIC -o /tmp/LdPreload.so Dependencies/LdPreload.c; sleep 2;LD_PRELOAD=/tmp/LdPreload.so rm -f /tmp/LdPreload.so"
    },
    {
      "tactic_id": "T1574.008",
      "technique": "Hijack Execution Flow - Shared Modules (Abuse of Polkit with pkexec)",
      "command": "pkexec visudo"
    },
    {
      "tactic_id": "T1548.008",
      "technique": "Abuse Elevation Control Mechanism – Sudo and Sudo Caching",
      "command": "visudo"
    }
  ]
}

